Subject Name,Scientific.Name
rosarypea,Abrus precatorius
hairy Indian mallow,Abutilon grandifolium
velvetleaf,Abutilon theophrasti
earleaf acacia,Acacia auriculiformis
cootamundra wattle,Acacia baileyana
cyclops acacia,Acacia cyclops
silver wattle,Acacia dealbata
Sydney golden wattle,Acacia longifolia
black wattle,Acacia mearnsii
black acacia,Acacia melanoxylon
kangaroothorn,Acacia paradoxa
golden wattle,Acacia pycnantha
everblooming acacia,Acacia retinodest
biddy-biddy,Acaena novae-zelandiae
bear's breech,Acanthus mollis
hedge maple,Acer campestre
Amur maple,Acer ginnala
boxelder,Acer negundo
Japanese maple,Acer palmatum
Norway maple,Acer platanoides
Sycamore maple,Acer pseudoplatanus
fernleaf yarrow,Achillea filipendulina
western yarrow,Achillea millefolium var. occidentalis
sneezewort yarrow,Achillea ptarmica
punagrass,Achnatherum brachychaetum
Indian ricegrass,Achnatherum hymenoides
Japanese chaff flower,Achyranthes japonica
mother-of-thyme,Acinos arvensis
American sweetflag,Acorus calamus
tara vine,Actinidia arguta
red beadtree,Adenanthera pavonina
rough maidenhair fern,Adiantum hispidulum
delta maidenhair,Adiantum raddianum
jointed goatgrass,Aegilops cylindrica
ovate goatgrass,Aegilops geniculata
barb goatgrass,Aegilops triuncialis
goutweed,Aegopodium podagraria
Ohio buckeye,Aesculus glabra
common horse chestnut,Aesculus hippocastanum
sisal,Agave sisalana
croftonweed,Ageratina adenophora
white snakeroot,Ageratina altissima var. altissima
creeping croftonweed,Ageratina riparia
tropic ageratum,Ageratum conyzoides
crested wheatgrass,Agropyron cristatum
desert wheatgrass,Agropyron desertorum
Siberian wheatgrass,Agropyron fragile
corn cockle,Agrostemma githago
Pacific bentgrass,Agrostis avenacea
velvet bentgrass,Agrostis canina
colonial bentgrass,Agrostis capillaris
redtop,Agrostis gigantea
creeping bentgrass,Agrostis stolonifera
tree-of-heaven,Ailanthus altissima
silver hairgrass,Aira caryophyllea
carpet bugle,Ajuga reptans
chocolate vine,Akebia quinata
mimosa,Albizia julibrissin
woman's tongue tree,Albizia lebbeck
hollyhock,Alcea rosea
lady's-mantle,Alchemilla mollis
ladysmantle,Alchemilla monticola
waterwheel plant,Aldrovanda vesiculosa
camelthorn,Alhagi maurorum
golden trumpet,Allamanda cathartica
garlic mustard,Alliaria petiolata
cultivated garlic,Allium sativum
wild garlic,Allium vineale
wild garlic,Allium vineale ssp. vineale
European black alder,Alnus glutinosa
creeping meadow foxtail,Alopecurus arundinaceus
water foxtail,Alopecurus geniculatus
slender meadow foxtail,Alopecurus myosuroides
meadow foxtail,Alopecurus pratensis Linnaeus
red ginger,Alpinia purpurata
deviltree,Alstonia macrophylla
alligatorweed,Alternanthera philoxeroides
sessile joyweed,Alternanthera sessilis
alyceclover,Alysicarpus vaginalis
yellow alyssum,Alyssum alyssoides
yellowtuft,Alyssum corsicum
yellowtuft,Alyssum murale
redroot pigweed,Amaranthus retroflexus
spiny amaranth,Amaranthus spinosus
pigweed,Amaranthus spp.
slender amaranth,Amaranthus viridis
common ragweed,Ambrosia artemisiifolia
skeletonleaf bursage,Ambrosia tomentosa
giant ragweed,Ambrosia trifida
European beachgrass,Ammophila arenaria
indigobush,Amorpha fruticosa
porcelain-berry,Ampelopsis glandulosa var. brevipedunculata
tarweed fiddleneck,Amsinckia lycopsoides
Menzies' fiddleneck,Amsinckia menziesii
scarlet pimpernel,Anagallis arvensis
small bugloss,Anchusa arvensis
Italian bugloss,Anchusa azurea
common bugloss,Anchusa officinalis
broomsedge bluestem,Andropogon virginicus
oriental vessel fern,Angiopteris evecta
stinking chamomile,Anthemis cotula
sweet vernalgrass,Anthoxanthum odoratum
sweet vernalgrass,Anthoxanthum odoratum ssp. odoratum
bur chervil,Anthriscus caucalis
wild chervil,Anthriscus sylvestris
coral vine,Antigonon leptopus
wild celery,Apium graveolens
alpine rockcress,Arabis alpina
Japanese angelica tree,Aralia elata
white bladderflower,Araujia sericifera
great burdock,Arctium lappa
common burdock,Arctium minus
burdock,Arctium spp.
capeweed,Arctotheca calendula
creeping capeweed,Arctotheca prostrata
coral ardisia,Ardisia crenata
shoebutton ardisia,Ardisia elliptica
Japanese ardisia,Ardisia japonica
thymeleaf sandwort,Arenaria serpyllifolia
elegant dutchman's pipe,Aristolochia elegans
horseradish,Armoracia rusticana
tall oatgrass,Arrhenatherum elatius
tall oatgrass,Arrhenatherum elatius var. elatius
absinth wormwood,Artemisia absinthium
annual wormwood,Artemisia annua
biennial wormwood,Artemisia biennis
mugwort,Artemisia vulgaris
common wormwood,Artemisia vulgaris var. vulgaris
"small carpetgrass, joint-head grass",Arthraxon hispidus
hairy jointgrass,Arthraxon hispidus var. hispidus
Italian arum,Arum italicum
bamboo orchid,Arundina graminifolia
giant reed,Arundo donax
bloodflower milkweed,Asclepias curassavica
balloon cottonbush,Asclepias physocarpa
showy milkweed,Asclepias speciosa
Sprenger's asparagus fern,Asparagus aethiopicus
African asparagus fern,Asparagus asparagoides
catchweed,Asperugo procumbens
onionweed,Asphodelus fistulosus
chickpea milkvetch,Astragalus cicer
Chinese violet,Asystasia gangetica
garden orach,Atriplex hortensis
halberdleaf orach,Atriplex patula
Australian saltbush,Atriplex semibaccata
peregrine saltbush,Atriplex suberecta
Japanese laurel,Aucuba japonica
basket of gold,Aurinia saxatilis
slender oat,Avena barbata
wild oat,Avena fatua
oat,Avena sativa
broadleaf carpetgrass,Axonopus compressus
carpetgrass,Axonopus fissifolius
Russian pigweed,Axyris amaranthoides
common bamboo,Bambusa vulgaris
early wintercress,Barbarea verna
yellow rocket,Barbarea vulgaris
fivehook bassia,Bassia hyssopifolia
Mexican fireweed,Bassia scoparia
mountain ebony,Bauhinia variegata
clubed begonia,Begonia cucullata
bellardia,Bellardia trixago
English daisy,Bellis perennis
Darwin's berberis,Berberis darwinii
wintergreen barberry,Berberis julianae
Japanese barberry,Berberis thunbergii
common barberry,Berberis vulgaris
hoary alyssum,Berteroa incana
European birch,Betula pendula
spanishneedles,Bidens bipinnata
nodding beggarticks,Bidens cernua
devils beggarticks,Bidens frondosa
hairy beggarticks,Bidens pilosa
Javanese bishopwood,Bischofia javanica
common borage,Borago officinalis
paperflower,Bougainvillea glabra
annual false-brome,Brachypodium distachyon
perennial false-brome,Brachypodium sylvaticum
Indian mustard,Brassica juncea
rapeseed,Brassica napus
black mustard,Brassica nigra
birdsrape mustard,Brassica rapa
African mustard,Brassica tournefortii
snowbush,Breynia disticha
big quakinggrass,Briza maxima
little quakinggrass,Briza minor
field brome,Bromus arvensis
rattlesnake brome,Bromus briziformis
rescuegrass,Bromus catharticus
ripgut brome,Bromus diandrus
ripgut brome,Bromus diandrus ssp. Rigidus
soft brome,Bromus hordeaceus
soft brome,Bromus hordeaceus ssp. hordeaceus
smooth brome,Bromus inermis
smooth brome,Bromus inermis ssp. inermis var. inermis
Japanese brome,Bromus japonicus
bald brome,Bromus racemosus
red brome,Bromus rubens
rye brome,Bromus secalinus
poverty brome,Bromus sterilis
cheatgrass,Bromus tectorum
paper-mulberry,Broussonetia papyrifera
red mangrove,Bruguiera gymnorhiza
white bryony,Bryonia alba
butterflybush,Buddleja davidii
Lindley's butterflybush,Buddleja lindleyana
corn gromwell,Buglossoides arvensis
flowering rush,Butomus umbellatus
Carolina fanwort,Cabomba caroliniana
paradise poinciana,Caesalpinia gilliesii
pigeon pea,Cajanus cajan
European sea-rocket,Cakile maritima
pot marigold,Calendula officinalis
purple beautyberry,Callicarpa dichotoma
basketplant,Callisia fragrans
bottlebrush,Callistemon viminalis
European waterstarwort,Callitriche stagnalis
heather,Calluna vulgaris
incense-cedar,Calocedrus decurrens
Antilles calophyllum,Calophyllum antillanum
Alexandrian laurel,Calophyllum inophyllum
hedge bindweed,Calystegia sepium
smallseed falseflax,Camelina microcarpa
largeseed falseflax,Camelina sativa
clustered bellflower,Campanula glomerata
Canterbury bells,Campanula medium
creeping bellflower,Campanula rapunculoides
maunaloa,Canavalia cathartica
Indian shot,Canna indica
hemp/marijuana (sativa),Cannabis sativa
shepherd's-purse,Capsella bursa-pastoris
Siberian peashrub,Caragana arborescens
woodland bittercress,Cardamine flexuosa
narrowleaf bittercress,Cardamine impatiens
whitetop,Cardaria spp.
balloonvine,Cardiospermum halicacabum
spiny plumeless thistle,Carduus acanthoides
curly plumeless thistle,Carduus crispus
musk thistle,Carduus nutans
nodding plumeless thistle,Carduus nutans macrolepis
Italian plumeless thistle,Carduus pycnocephalus
plumeless thistle,Carduus spp.
slenderflower thistle,Carduus tenuiflorus
thinfruit sedge,Carex flaccosperma
Japanese sedge,Carex kobomugi
Long's sedge,Carex longii
hanging sedge,Carex pendula
awlfruit sedge,Carex stipata
papaya,Carica papaya
natal-plum,Carissa macrocarpa
sea fig,Carpobrotus chilensis
hottentot fig,Carpobrotus edulis
Wards weed,Carrichtera annua
woolly distaff thistle,Carthamus lanatus
safflower,Carthamus tinctorius
field Indian paintbrush,Castilleja arvensis
hairy Indian paintbrush,Castilleja tenuis
river sheoak,Casuarina cunninghamiana
Australian-pine,Casuarina equisetifolia
gray sheoak,Casuarina glauca
southern catalpa,Catalpa bignonioides
Chinese catalpa,Catalpa ovata
northern catalpa,Catalpa speciosa
Madagascar periwinkle,Catharanthus roseus
bushkiller,Cayratia japonica
trumpet tree,Cecropia palmata
Deodar cedar,Cedrus deodara
oriental bittersweet,Celastrus orbiculatus
buffelgrass,Cenchrus ciliaris
southern sandbur,Cenchrus echinatus
longspine sandbur,Cenchrus longispinus
elephant grass,Cenchrus purpureus
crimson fountaingrass,Cenchrus setaceus
purple starthistle,Centaurea calcitrapa
cornflower,Centaurea cyanus
meadow knapweed,Centaurea debeauxii
diffuse knapweed,Centaurea diffusa
North African knapweed,Centaurea diluta
Iberian starthistle,Centaurea iberica
brown knapweed,Centaurea jacea
bighead knapweed,Centaurea macrocephala
Malta starthistle,Centaurea melitensis
perennial cornflower,Centaurea montana
black knapweed,Centaurea nigra
alpine knapweed,Centaurea nigrescens
greater knapweed,Centaurea scabiosa
yellow starthistle,Centaurea solstitialis
knapweeds,Centaurea spp.
spotted knapweed,Centaurea stoebe
spotted knapweed,Centaurea stoebe ssp. Micranthos
squarrose knapweed,Centaurea virgata
European centaury,Centaurium erythraea
Asiatic pennywort,Centella asiatica
red valerian,Centranthus ruber
common tarweed,Centromadia pungens ssp. Pungens
common mouse-ear chickweed,Cerastium fontanum
big chickweed,Cerastium fontanum ssp. Vulgare
sticky chickweed,Cerastium glomeratum
nodding chickweed,Cerastium nutans
boreal chickweed,Cerastium tomentosum
bur buttercup,Ceratocephala testiculata
day jessamine,Cestrum diurnum
night jessamine,Cestrum nocturnum
Chilean jessamine,Cestrum parqui
dwarf snapdragon,Chaenorhinum minus
sensitive partridgepea,Chamaecrista nictitans
Port Orford cedar,Chamaecyparis lawsoniana
tagasaste,Chamaecytisus palmensis
Seifriz's chamaedorea,Chamaedorea seifrizii
garden spurge,Chamaesyce hirta
African cornflag,Chasmanthe floribunda
greater celandine,Chelidonium majus
celandine,Chelidonium majus var. majus
lambsquarters,Chenopodium album
lambsquarters,Chenopodium album var. album
Mexican tea,Chenopodium ambrosioides var. ambrosioides
pitseed goosefoot,Chenopodium berlandieri var. berlandieri
slimleaf lambsquarters,Chenopodium leptophyllum
nettleleaf goosefoot,Chenopodium murale
red goosefoot,Chenopodium rubrum
giantseed goosefoot,Chenopodium simplex
rush skeletonweed,Chondrilla juncea
blue mustard,Chorispora tenella
boneseed,Chrysanthemoides monilifera ssp. Moniliferq
chicory,Cichorium intybus
western waterhemlock,Cicuta douglasii
camphortree,Cinnamomum camphora
Canada thistle,Cirsium arvense
marsh thistle,Cirsium palustre
bull thistle,Cirsium vulgare
rock rose,Cistus creticus
colocynth,Citrullus colocynthis
trifoliate orange,Citrus trifoliata
lime,Citrus x aurantiifolia
sour orange,Citrus x aurantium
lemon,Citrus x limon
orange,Citrus x sinensis
oriental virginsbower,Clematis orientalis
orange-peel clematis,Clematis tangutica
sweet autumn virginsbower,Clematis terniflora
evergreen clematis,Clematis vitalba
rose glorybower,Clerodendrum bungei
stickbush,Clerodendrum chinense
turk's turbin,Clerodendrum indicum
Javanese glorybower,Clerodendrum speciosissimum
soapbush,Clidemia hirta
yerba buena,Clinopodium douglasii
wild basil,Clinopodium vulgare
coconut palm,Cocos nucifera
Arabian coffee,Coffea arabica
star-mustard,Coincya monensis
Job's tears,Coix lacryma-jobi
tiny trumpet,Collomia linearis
"coco yam, wild taro",Colocasia esculenta
Asian nakedwood,Colubrina asiatica
bladder senna,Colutea arborescens
Benghal dayflower,Commelina benghalensis
Asiatic dayflower,Commelina communis
narrow-leaved iceplant,Conicosia pugioniformis
poison hemlock,Conium maculatum
haresear mustard,Conringia orientalis
lily of the valley,Convallaria majalis
field bindweed,Convolvulus arvensis
hairy fleabane,Conyza bonariensis
cabbage tree,Cordyline australis
American bugseed,Corispermum americanum var. rydbergii
shiny bugseed,Corispermum nitidum
gray dogwood,Cornus racemosa
redosier dogwood,Cornus sericea
lesser swinecress,Coronopus didymus
purple pampasgrass,Cortaderia jubata
Uruguayan pampas grass,Cortaderia selloana
incised fumewort,Corydalis incisa
common filbert,Corylus avellana
karaka nut,Corynocarpus laevigatus
garden cosmos,Cosmos bipinnatus
canereed,Costus speciosus
golden chamomile,Cota tinctoria
milkflower cotoneaster,Cotoneaster coriaceus
orange cotoneaster,Cotoneaster franchetii
silverleaf cotoneaster,Cotoneaster pannosus
Simons' cotoneaster,Cotoneaster simonsii
cotoneaster,Cotoneaster spp.
southern brassbuttons,Cotula australis
brassbuttons,Cotula coronopifolia
redflower ragleaf,Crassocephalum crepidioides
common hawthorn,Crataegus monogyna
Washington hawthorn,Crataegus phaenopyrum
smooth hawksbeard,Crepis capillaris
narrowleaf hawksbeard,Crepis tectorum
montbretia,Crocosmia x crocosmiiflora
showy rattlebox,Crotalaria spectabilis
smooth bedstraw,Cruciata laevipes
piedmont bedstraw,Cruciata pedemontana
common crupina,Crupina vulgaris
Torrey's cryptantha,Cryptantha torreyana
Japanese cedar,Cryptomeria japonica
Palay rubbervine,Cryptostegia grandiflora
Madagascar rubbervine,Cryptostegia madagascariensis
Chinese fir,Cunninghamia lanceolata
carrotwood,Cupaniopsis anacardioides
tarweed cuphea,Cuphea carthagenensis
Arizona cypress,Cupressus arizonica
Monterey cypress,Cupressus macrocarpa
smallseed alfalfa dodder,Cuscuta approximata
Japanese dodder,Cuscuta japonica
dodder (nonnative),Cuscuta spp.
little ironweed,Cyanthillium cinereum
Cooper's cyathea,Cyathea cooperi
downy maiden fern,Cyclosorus dentatus
Kenilworth ivy,Cymbalaria muralis
cardoon,Cynara cardunculus
bermudagrass,Cynodon dactylon
houndstongue,Cynoglossum officinale
hedgehog dogtailgrass,Cynosurus echinatus
smallflower umbrella sedge,Cyperus difformis
deeprooted sedge,Cyperus entrerianus
yellow nutsedge,Cyperus esculentus
haspan flatsedge,Cyperus haspan
umbrella plant,Cyperus involucratus
miniature flatsedge,Cyperus prolifer
purple nutsedge,Cyperus rotundus
Japanese netvein hollyfern,Cyrtomium falcatum
white spanishbroom,Cytisus multiflorus
Scotch broom,Cytisus scoparius
striated broom,Cytisus striatus
orchardgrass,Dactylis glomerata
orchardgrass,Dactylis glomerata ssp. glomerata
crowfootgrass,Dactyloctenium aegyptium
Indian rosewood,Dalbergia sissoo
spurgelaurel,Daphne laureola
February daphne,Daphne mezereum
sacred datura,Datura inoxia
jimsonweed,Datura stramonium
"Queen Anne's lace, wild carrot",Daucus carota
cape ivy,Delairea odorata
Japanese false spleenwort,Deparia petersenii
annual hairgrass,Deschampsia danthonioides
slender hairgrass,Deschampsia elongata
flixweed,Descurainia sophia
creeping beggarweed,Desmodium incanum
Hawai'i ticktrefoil,Desmodium sandwicense
threeflower beggarweed,Desmodium triflorum
fuzzy pride-of-Rochester,Deutzia scabra
Deptford pink,Dianthus armeria
sweetwilliam,Dianthus barbatus
maiden pink,Dianthus deltoides
feathered pink,Dianthus plumarius
rock snot,Didymosphenia geminata
Grecian foxglove,Digitalis lanata
foxglove,Digitalis purpurea
southern crabgrass,Digitaria ciliaris
pangolagrass,Digitaria eriantha
sourgrass,Digitaria insularis
smooth crabgrass,Digitaria ischaemum
large crabgrass,Digitaria sanguinalis
East Indian crabgrass,Digitaria setigera
violet crabgrass,Digitaria violascens
winged yam,Dioscorea alata
air-potato,Dioscorea bulbifera
Chinese yam,Dioscorea polystachya
okie bean,Dipogon lignosus
common teasel,Dipsacus fullonum
cutleaf teasel,Dipsacus laciniatus
Fuller's teasel,Dipsacus sativus
stinkwort,Dittrichia graveolens
false yellowhead,Dittrichia viscosa
spring whitlowgrass,Draba verna
Moldavian dragonhead,Dracocephalum moldavica
thyme-flowered dragonhead,Dracocephalum thymiflorum
heartleaf drymary,Drymaria cordata
Autumn fern,Dryopteris erythrosora
three-way sedge,Dulichium arundinaceum var. arundinaceum
mexicantea,Dysphania ambrosioides
clammy goosefoot,Dysphania pumilio
junglerice,Echinochloa colona
barnyardgrass,Echinochloa crus-galli
pride of Madeira,Echium candicans f.
salvation jane,Echium plantagineum
common viper's bugloss,Echium vulgare
eclipta,Eclipta prostrata
Brazilian waterweed,Egeria densa
perennial veldtgrass,Ehrharta calycina
panic veldtgrass,Ehrharta erecta
longflowered veldtgrass,Ehrharta longiflora
common water hyacinth,Eichhornia crassipes
Russian olive,Elaeagnus angustifolia
cherry silverberry,Elaeagnus multiflora
thorny olive,Elaeagnus pungens
autumn olive,Elaeagnus umbellata
autumn olive,Elaeagnus umbellata var. parvifolia
goosegrass,Eleusine indica
five-leaf aralia,Eleutherococcus sieboldianus
common elodea,Elodea canadensis
western elodea,Elodea nuttallii
crested latesummer mint,Elsholtzia ciliata
Canada wildrye,Elymus canadensis
quackgrass,Elymus repens
Siberian wildrye,Elymus sibiricus
spiny emex,Emex spinosa
Cupid's-shaving-brush,Emilia fosbergii
lilac tasselflower,Emilia sonchifolia var. sonchifolia
Epidendrum _obrienianum,Epidendrum x obrienianum
aboriginal willowherb,Epilobium billardierianum ssp. Cinereum
hairy willowherb,Epilobium hirsutum
helleborine,Epipactis helleborine
centipede tongavine,Epipremnum pinnatum
golden pothos,Epipremnum pinnatum cv. Aureum
field horsetail,Equisetum arvense
horsetail,Equisetum spp.
giant horsetail,Equisetum telmateia
stinkgrass,Eragrostis cilianensis
Cuming's lovegrass,Eragrostis cumingii
weeping lovegrass,Eragrostis curvula
plains lovegrass,Eragrostis intermedia
Lehmann lovegrass,Eragrostis lehmanniana
American burnweed,Erechtites hieraciifolius
tropical burnweed,Erechtites valerianifolius
Scots heath,Erica cinerea
Spanish heath,Erica lusitanica
crossleaf heath,Erica tetralix
Canadian horseweed,Erigeron canadensis
tropical cupgrass,Eriochloa fatmensis
redstem filaree,Erodium cicutarium
dog mustard,Erucastrum gallicum
sanddune wallflower,Erysimum capitatum
Aegean wallflower,Erysimum cheiri
Indian coralbean,Erythrina variegata
California poppy,Eschscholzia californica
river redgum,Eucalyptus camaldulensis
sugargum,Eucalyptus cladocalyx
Tasmanian bluegum,Eucalyptus globulus
redbox,Eucalyptus polyanthemos
swampmahogany,Eucalyptus robusta
black peppermint,Eucalyptus salicifolia
forest redgum,Eucalyptus tereticornis
father-and-child plant,Euchiton japonicus
Surinam cherry,Eugenia uniflora
Eulophia ground orchid,Eulophia graminea
winged burning bush,Euonymus alatus
European spindletree,Euonymus europaeus
winter creeper,Euonymus fortunei
cypress spurge,Euphorbia cyparissias
leafy spurge,Euphorbia esula
leafy spurge,Euphorbia esula var. esula
moleplant,Euphorbia lathyris
spotted spurge,Euphorbia maculata
myrtle spurge,Euphorbia myrsinites
eggleaf spurge,Euphorbia oblongata
petty spurge,Euphorbia peplus
poinsettia,Euphorbia pulcherrima
Geraldton carnation weed,Euphorbia terracina
common eyebright,Euphrasia nemorosa
hawk's eye,Euryops multifidus
common pearlbrush,Exochorda racemosa
buckwheat,Fagopyrum esculentum
Tartary buckwheat,Fagopyrum tataricum
wild buckwheat,Fallopia convolvulus
mulberryweed,Fatoua villosa
tall fescue,Festuca arundinacea
hard fescue,Festuca brevipila
meadow fescue,Festuca pratensis
red fescue,Festuca rubra
sheep fescue,Festuca trachyphylla
Volga fescue,Festuca valesiaca
"lesser celandine, fig buttercup",Ficaria verna
council tree,Ficus altissima
edible fig,Ficus carica
Indian rubberplant,Ficus elastica
Chinese banyan,Ficus microcarpa
Chinese parasoltree,Firmiana simplex
governor's plum,Flacourtia indica
fennel,Foeniculum vulgare
beach strawberry,Fragaria chiloensis
glossy buckthorn,Frangula alnus
shamel ash,Fraxinus uhdei
slender snakecotton,Froelichia gracilis
blanketflower,Gaillardia aristata
firewheel,Gaillardia pulchella
goatsrue,Galega officinalis
splitlip hempnettle,Galeopsis bifida
common hempnettle,Galeopsis tetrahit
smallflower galinsoga,Galinsoga parviflora
hairy galinsoga,Galinsoga quadriradiata
catchweed bedstraw,Galium aparine
smooth bedstraw,Galium mollugo
sweetscented bedstraw,Galium odoratum
purple cudweed,Gamochaeta purpurea
blue lawngrass,Garnotia stricta
nit grass,Gastridium phleoides
treasureflower,Gazania linearis
Mediterranean broom,Genista linifolia
French broom,Genista monspessulana
Dyer's greenweed,Genista tinctoria
Bicknell's cranesbill,Geranium bicknellii
Carolina geranium,Geranium carolinianum
longstalk cranesbill,Geranium columbinum
cutleaf geranium,Geranium dissectum
Australasian geranium,Geranium homeanum
shining geranium,Geranium lucidum
dovefoot geranium,Geranium molle
little-robin,Geranium purpureum
smallflower geranium,Geranium pusillum
herb-robert,Geranium robertianum
bloody geranium,Geranium sanguineum
herb bennet,Geum urbanum
California gilia,Gilia achilleifolia
bluehead gilia,Gilia capitata
crowndaisy,Glebionis coronaria
corndaisy,Glebionis segetum
ground ivy,Glechoma hederacea
mudmat,Glossostigma cleistanthum
waxy mannagrass,Glyceria declinata
rough mannagrass,Glyceria maxima
western marsh cudweed,Gnaphalium palustre
low cudweed,Gnaphalium uliginosum
silkoak,Grevillea robusta
Chilean gunnera,Gunnera tinctoria
showy baby's-breath,Gypsophila elegans
babysbreath,Gypsophila paniculata
garden baby's-breath,Gypsophila scorzonerifolia Ser.
Jessica sticktight,Hackelia micrantha
halogeton,Halogeton glomeratus
Algerian ivy,Hedera canariensis
English ivy,Hedera helix
Atlantic ivy,Hedera hibernica
ivy,Hedera spp.
white garland-lily,Hedychium coronarium
cream garland-lily,Hedychium flavescens
Kahila garland-lily,Hedychium gardnerianum
common sunflower,Helianthus annuus
Texas blueweed,Helianthus ciliaris
Jerusalem artichoke,Helianthus tuberosus
strawflower,Helichrysum petiolare
white moho,Heliocarpus popayanensis
clasping heliotrope,Heliotropium amplexicaule
bristly oxtongue,Helminthotheca echioides
limpograss,Hemarthria altissima
tawny daylily,Hemerocallis fulva
yellow daylily,Hemerocallis lilioasphodelus
giant hogweed,Heracleum mantegazzianum
eltrot,Heracleum sphondylium ssp. Sibiricum
dames rocket,Hesperis matronalis
Beechey's withe,Heteropterys brachiata
telegraph weed,Heterotheca grandiflora
rose of Sharon,Hibiscus syriacus
polar hawkweed,Hieracium atratum
orange hawkweed,Hieracium aurantiacum
meadow hawkweed,Hieracium caespitosum
Canadian hawkweed,Hieracium canadense
queen-devil hawkweed,Hieracium glomeratum
common hawkweed,Hieracium lachenalii
smooth hawkweed,Hieracium laevigatum
golden lungwort,Hieracium murorum
mouseear hawkweed,Hieracium pilosella
mouseear hawkweed,Hieracium pilosella var. pilosella
kingdevil hawkweed,Hieracium piloselloides
New England hawkweed,Hieracium sabaudum
hawkweeds,Hieracium spp.
narrowleaf hawkweed,Hieracium umbellatum
yellow devil hawkweed,Hieracium x floribundum
Barbados lily,Hippeastrum puniceum
shortpod mustard,Hirschfeldia incana
common velvetgrass,Holcus lanatus
German velvetgrass,Holcus mollis
foxtail barley,Hordeum jubatum
seaside barley,Hordeum marinum
mouse barley,Hordeum murinum
smooth barley,Hordeum murinum ssp. Glaucum
leporinum barley,Hordeum murinum ssp. Leporinum
barley,Hordeum vulgare
chameleon-plant,Houttuynia cordata
Japanese hop,Humulus japonicus
Hispanic hyacinthoides,Hyacinthoides hispanica
panicled hydrangea,Hydrangea paniculata
hydrilla,Hydrilla verticillata
whorled pennywort,Hydrocotyle verticillata
eastern waterleaf,Hydrophyllum virginianum
miramar weed,Hygrophila polysperma
West Indian marsh grass,Hymenachne amplexicaulis
black henbane,Hyoscyamus niger
thatching grass,Hyparrhenia hirta
jaraguagrass,Hyparrhenia rufa
sweet-amber,Hypericum androsaemum
Aaron's beard,Hypericum calycinum
Canary Island St. Johnswort,Hypericum canariense
malfurada,Hypericum grandifolium
common St. Johnswort,Hypericum perforatum
smooth cat's ear,Hypochaeris glabra
hairy cat's ear,Hypochaeris radicata
annual candytuft,Iberis amara
globe candytuft,Iberis umbellata
English holly,Ilex aquifolium
Chinese holly,Ilex cornuta
Japanese holly,Ilex crenata
Himalayan balsam,Impatiens glandulifera
Brazilian satintail,Imperata brasiliensis
California satintail,Imperata brevifolia
cogongrass,Imperata cylindrica
anil de pasto,Indigofera suffruticosa
elecampane,Inula helenium
moonflower,Ipomoea alba
swamp morning-glory,Ipomoea aquatica
gloria de la manana,Ipomoea carnea ssp. Fistulosa
red morning-glory,Ipomoea coccinea
tievine,Ipomoea cordatotriloba var. cordatotriloba
ivyleaf morning-glory,Ipomoea hederacea
blue morning-glory,Ipomoea indica
pitted morning-glory,Ipomoea lacunosa
tall morning-glory,Ipomoea purpurea
yellow iris,Iris pseudacorus
Dyer's woad,Isatis tinctoria
tansy ragwort,Jacobaea vulgaris
smallflower morningglory,Jacquemontia tamnifolia
Gold Coast jasmine,Jasminum dichotomum
Brazilian jasmine,Jasminum fluminense
star jasmine,Jasminum multiflorum
Arabian jasmine,Jasminum sambac
soft rush,Juncus effusus
swordleaf rush,Juncus ensifolius
broadleaf rush,Juncus planifolius
eastern redcedar,Juniperus virginiana
chandelier plant,Kalanchoe delagoensis
cathedral bells,Kalanchoe pinnata
hybrid mother of millions,Kalanchoe x houghtonii
castor aralia,Kalopanax septemlobus
Japanese rose,Kerria japonica
bluebuttons,Knautia arvensis
redhot poker,Kniphofia uvaria
flamegold,Koelreuteria elegans
goldenrain tree,Koelreuteria paniculata
beautybush,Kolkwitzia amabilis
Korean lespedeza,Kummerowia stipulacea
Japanese clover,Kummerowia striata
green kyllinga,Kyllinga brevifolia
false green kyllinga,Kyllinga gracillima
white kyllinga,Kyllinga nemoralis
tall lettuce,Lactuca canadensis
willowleaf lettuce,Lactuca saligna
lettuce,Lactuca sativa
prickly lettuce,Lactuca serriola
lettuce,Lactuca spp.
blue lettuce,Lactuca tatarica
crapemyrtle,Lagerstroemia indica
white deadnettle,Lamium album
henbit,Lamium amplexicaule
yellow archangel,Lamium galeobdolon
spotted deadnettle,Lamium maculatum
purple deadnettle,Lamium purpureum
purple deadnettle,Lamium purpureum var. purpureum
dotted duckmeat,Landoltia punctata
largeleaf lantana,Lantana camara
weeping lantana,Lantana montevidensis
European sticktight,Lappula squarrosa
nipplewort,Lapsana communis
everlasting peavine,Lathyrus latifolius
meadow peavine,Lathyrus pratensis
flat peavine,Lathyrus sylvestris
common duckweed,Lemna minor
bristly hawkbit,Leontodon hispidus
lesser hawkbit,Leontodon saxatilis
lesser hawkbit,Leontodon saxatilis ssp. saxatilis
lesser hawkbit,Leontodon taraxacoides ssp. taraxacoides
motherwort,Leonurus cardiaca
common motherwort,Leonurus cardiaca ssp. cardiaca
hairy whitetop,Lepidium appelianum
field pepperweed,Lepidium campestre
orbicular whitetop,Lepidium chalepense
greenflower pepperweed,Lepidium densiflorum
common pepperweed,Lepidium densiflorum var. densiflorum
hoary cress,Lepidium draba
purpleanther field pepperweed,Lepidium heterophyllum
perennial pepperweed,Lepidium latifolium
clasping pepperweed,Lepidium perfoliatum
manybranched pepperweed,Lepidium ramosissimum
narrowleaf pepperweed,Lepidium ruderale
garden cress,Lepidium sativum
Virginia pepperweed,Lepidium virginicum
hairy pepperweed,Lepidium virginicum var. pubescens
Australian teatree,Leptospermum laevigatum
lepyrodiclis,Lepyrodiclis holosteoides
shrubby lespedeza,Lespedeza bicolor
sericea lespedeza,Lespedeza cuneata
Thunberg lespedeza,Lespedeza thunbergii
white leadtree,Leucaena leucocephala
max chrysanthemum,Leucanthemum maximum
oxeye daisy,Leucanthemum vulgare
summer snowflake,Leucojum aestivum
garden lovage,Levisticum officinale
Altai wildrye,Leymus angustus
Amur privet,Ligustrum amurense
Japanese privet,Ligustrum japonicum
glossy privet,Ligustrum lucidum
border privet,Ligustrum obtusifolium
Border Privet,Ligustrum obtusifolium var. obtusifolium
California privet,Ligustrum ovalifolium
waxyleaf privet,Ligustrum quihoui
Chinese privet,Ligustrum sinense
privet,Ligustrum
European privet,Ligustrum vulgare
Douglas' meadowfoam,Limnanthes douglasii ssp. Douglasii
American frogbit,Limnobium spongia
limnophila,Limnophila sessiliflora
European sea-lavender,Limonium duriusculum
Algerian sea lavender,Limonium ramosissimum ssp. Provinciale
Dalmatian toadflax,Linaria dalmatica
Moroccan toadflax,Linaria maroccana
pineneedle toadflax,Linaria pinifolia
yellow toadflax,Linaria vulgaris
pale flax,Linum bienne
monkeygrass,Liriope muscari
creeping liriope,Liriope spicata
fountain palm,Livistona chinensis
sweet alyssum,Lobularia maritima
annual ryegrass,Lolium multiflorum
perennial ryegrass,Lolium perenne
ryegrass,Lolium spp.
Darnel ryegrass,Lolium temulentum ssp. temulentum
Italian woodbine,Lonicera caprifolium
Etruscan honeysuckle,Lonicera etrusca
sweet breath of spring,Lonicera fragrantissima
Japanese honeysuckle,Lonicera japonica
Amur honeysuckle,Lonicera maackii
Morrow's honeysuckle,Lonicera morrowii
woodbine,Lonicera periclymenum
Standish's honeysuckle,Lonicera standishii
Tatarian honeysuckle,Lonicera tatarica
"showy fly honeysuckle, Bell's honeysuckle",Lonicera x bella
dwarf honeysuckle,Lonicera xylosteum
vinegartree,Lophostemon confertus
birdsfoot trefoil,Lotus corniculatus
big trefoil,Lotus pedunculatus
hairy bird's-foot trefoil,Lotus subbiflorus
water primrose,Ludwigia grandiflora ssp. Hexapetala
longfruited primrose-willow,Ludwigia octovalvis
waterpurslane,Ludwigia palustris
creeping waterprimrose,Ludwigia peploides
floating primrose-willow,Ludwigia peploides ssp. Glabrescens
primrose-willow,Ludwigia peruviana
black mangrove,Lumnitzera racemosa
annual honesty,Lunaria annua
bigleaf lupine,Lupinus polyphyllus ssp. Polyphyllus
watergrass,Luziola subintegra
oakforest woodrush,Luzula luzuloides
Japanese climbing fern,Lygodium japonicum
old world climbing fern,Lygodium microphyllum
"creeping yellow loosestrife, creeping Jenny",Lysimachia nummularia
garden loosestrife,Lysimachia vulgaris
hyssop loosestrife,Lythrum hyssopifolia
purple loosestrife,Lythrum salicaria
European wand loosestrife,Lythrum virgatum
catclaw-vine,Macfadyena unguis-cati
osage-orange,Maclura pomifera
wild bushbean,Macroptilium lathyroides
swordfern,Macrothelypteris torresiana
cluster tarweed,Madia glomerata
coast tarweed,Madia sativa
leatherleaf mahonia,Mahonia bealei
coppery mesemb,Malephora crocea
Siberian crabapple,Malus baccata
Japanese flowering crabapple,Malus floribunda
Chinese crab apple,Malus hupehensis
plumleaf crabapple,Malus prunifolia
crabapple and apple,Malus spp.
European crabapple,Malus sylvestris
toringo crab,Malus toringo
musk mallow,Malva moschata
common mallow,Malva neglecta
little mallow,Malva parviflora
low mallow,Malva pusilla
high mallow,Malva sylvestris
cluster mallow,Malva verticillata
threelobe false mallow,Malvastrum coromandelianum
mazapan,Malvaviscus penduliflorus
mango,Mangifera indica
cassava,Manihot esculenta
ceara rubbertree,Manihot glaziovii
sapodilla,Manilkara zapota
white horehound,Marrubium vulgare
dwarf waterclover,Marsilea minuta
European water-clover,Marsilea quadrifolia
pineapple-weed,Matricaria discoidea
mayten,Maytenus boaria
black medic,Medicago lupulina
little burclover,Medicago minima
California burclover,Medicago polymorpha
yellow alfalfa,Medicago sativa ssp. falcata
alfalfa,Medicago sativa ssp. sativa
guineagrass,Megathyrsus maximus
melaleuca,Melaleuca quinquenervia
chinaberry,Melia azedarach
white sweetclover,Melilotus albus
annual yellow sweetclover,Melilotus indicus
yellow sweet-clover,Melilotus officinalis
molassesgrass,Melinis minutiflora
natalgrass,Melinis repens
lemon balm,Melissa officinalis
water mint,Mentha aquatica
pennyroyal,Mentha pulegium
spearmint,Mentha spicata
gingermint,Mentha x gracilis
peppermint,Mentha x piperita
bigleaf mint,Mentha X rotundifolia
mint,Mentha X verticillata
apple-mint,Mentha x villosa
Spanish arborvine,Merremia tuberosa
crystalline iceplant,Mesembryanthemum crystallinum
slenderleaf iceplant,Mesembryanthemum nodiflorum
miconia,Miconia calvescens
weeping grass,Microlaena stipoides
Japanese stiltgrass,Microstegium vimineum
slender phlox,Microsteris gracilis
thoroughwort pennycress,Microthlaspi perfoliatum
mile-a-minute,Mikania micrantha
catclaw mimosa,Mimosa pigra
shameplant,Mimosa pudica var. unijuga
common four-o'clock,Mirabilis jalapa
wild four-o'clock,Mirabilis nyctaginea
Amur silvergrass,Miscanthus sacchariflorus
Chinese silvergrass,Miscanthus sinensis
linearleaf snapdragon,Misopates orontium
balsamapple,Momordica charantia
firetree,Morella faya
white mulberry,Morus alba
miniature beefsteakplant,Mosla dianthera
marsh dayflower,Murdannia keisak
orange jessamine,Murraya paniculata
common grape hyacinth,Muscari botryoides
starch grape hyacinth,Muscari neglectum
wall lettuce,Mycelis muralis
ngaio tree,Myoporum laetum
changing forget-me-not,Myosotis discolor
broadleaf forget-me-not,Myosotis latifolia
true forget-me-not,Myosotis scorpioides
woodland forget-me-not,Myosotis sylvatica
giant chickweed,Myosoton aquaticum
parrotfeather,Myriophyllum aquaticum
twoleaf watermilfoil,Myriophyllum heterophyllum
Eurasian water-milfoil,Myriophyllum spicatum
watermilfoil,Myriophyllum spp.
anise,Myrrhis odorata
brittleleaf naiad,Najas minor
sacred bamboo,Nandina domestica
matgrass,Nardus stricta
tropical needlegrass,Nassella manicata
finestem needlegrass,Nassella tenuissima
onerow yellowcress,Nasturtium microphyllum
watercress,Nasturtium officinale
American lotus,Nelumbo lutea
baby blue eyes,Nemophila menziesii
perennial soybean,Neonotonia wightii
catnip,Nepeta cataria
Asian swordfern,Nephrolepis brownii
narrow swordfern,Nephrolepis cordifolia
fishtail swordfern,Nephrolepis falcata
oleander,Nerium oleander
ball mustard,Neslia paniculata
burmareed,Neyraudia reynaudiana
apple-of-Peru,Nicandra physalodes
tree tobacco,Nicotiana glauca
slender false garlic,Nothoscordum gracile
fragrant waterlily,Nymphaea odorata
American white waterlily,Nymphaea odorata ssp. Odorata
crested floating heart,Nymphoides cristata
yellow floating heart,Nymphoides peltata
Java waterdropwort,Oenanthe javanica
redsepal evening-primrose,Oenothera glazioviana
cutleaf evening-primrose,Oenothera laciniata
olive,Olea europaea
stinknet,Oncosiphon piluliferum
sainfoin,Onobrychis viciifolia
foxtail restharrow,Ononis alopecuroides
Scotch thistle,Onopordum acanthium
Illyrian cottonthistle,Onopordum illyricum
bristle basketgrass,Oplismenus hirtellus
wavyleaf basketgrass,Oplismenus undulatifolius
tuna cactus,Opuntia ficus-indica
nodding star-of-Bethlehem,Ornithogalum nutans
star-of-Bethlehem,Ornithogalum umbellatum
small broomrape,Orobanche minor
holly osmanthus,Osmanthus heterophyllus
pink woodsorrel,Oxalis debilis var. corymbosa
buttercup oxalis,Oxalis pes-caprae
yellow woodsorrel,Oxalis stricta
Cuban bulrush,Oxycaryum cubense
Japanese pachysandra,Pachysandra terminalis
sewer vine,Paederia cruddasiana
skunk-vine,Paederia foetida
blue panicum,Panicum antidotale
witchgrass,Panicum capillare
wild-proso millet,Panicum miliaceum
torpedograss,Panicum repens
field poppy,Papaver dubium
Icelandic poppy,Papaver nudicaule
corn poppy,Papaver rhoeas
plume albizia,Paraserianthes lophantha
yellow glandweed,Parentucellia viscosa
ragweed parthenium,Parthenium hysterophorus
Boston ivy,Parthenocissus tricuspidata
western wheatgrass,Pascopyrum smithii
sour paspalum,Paspalum conjugatum
dallisgrass,Paspalum dilatatum
bahiagrass,Paspalum notatum
tussock paspalum,Paspalum quadrifarium
ricegrass paspalum,Paspalum scrobiculatum
vaseygrass,Paspalum urvillei
seashore paspalum,Paspalum vaginatum
wingleaf passionflower,Passiflora bicornis
twoflower passionflower,Passiflora biflora
passionflower,Passiflora edulis
redfruit passionflower,Passiflora foetida
corkystemmed passionflower,Passiflora suberosa
white passionflower,Passiflora subpeltata
banana poka,Passiflora tarminiana
banana passionflower,Passiflora tripartita var. mollissima
wild parsnip,Pastinaca sativa
princesstree,Paulownia tomentosa
spearleaf swampmallow,Pavonia hastata
gingerbush,Pavonia spinifex
African rue,Peganum harmala
Chinese fountaingrass,Pennisetum alopecuroides
kikuyugrass,Pennisetum clandestinum
pearl millet,Pennisetum glaucum
mission grass,Pennisetum polystachion
fountaingrass,Pennisetum spp.
feathertop,Pennisetum villosum
evergreen bugloss,Pentaglottis sempervirens
perilla mint,Perilla frutescens
avocado,Persea americana
pinkhead smartweed,Persicaria capitata
denseflower knotweed,Persicaria glabra
marsh-pepper smartweed,Persicaria hydropiper
swamp smartweed,Persicaria hydropiperoides
Oriental lady's thumb,Persicaria longiseta
ladysthumb,Persicaria maculosa
princess-feather,Persicaria orientalis
"mile-a-minute vine, Asiatic tearthumb",Persicaria perfoliata
dotted smartweed,Persicaria punctata
cultivated knotweed,Persicaria wallichii
hairypink,Petrorhagia dubia
parsley,Petroselinum crispum
desertbells,Phacelia campanularia
bulbous canarygrass,Phalaris aquatica
reed canarygrass,Phalaris arundinacea
canarygrass,Phalaris canariensis
littleseed canarygrass,Phalaris minor
Caucasian stonecrop,Phedimus spurius
Egyptian broomrape,Phelipanche aegyptiaca
Amur corktree,Phellodendron amurense
Japanese corktree,Phellodendron japonicum
Lavalle corktree,Phellodendron lavallei
mock orange,Philadelphus spp.
golden polypody,Phlebodium aureum
timothy,Phleum pratense
Canary Island date palm,Phoenix canariensis
date palm,Phoenix dactylifera
Senegal date palm,Phoenix reclinata
New Zealand flax,Phormium tenax
Oriental photinia,Photinia villosa
common reed,Phragmites australis
European common reed,Phragmites australis ssp. australis
chamber bitter,Phyllanthus urinaria
golden bamboo,Phyllostachys aurea
yellow groove bamboo,Phyllostachys aureosulcata
black bamboo,Phyllostachys nigra
bamboo,Phyllostachys spp.
monarch fern,Phymatosorus scolopendria
Peruvian groundcherry,Physalis peruviana
Virginia groundcherry,Physalis virginiana var. virginiana
common pokeweed,Phytolacca americana
Norway spruce,Picea abies
hawkweed oxtongue,Picris hieracioides
artilleryweed,Pilea microphylla
tall lodgepole pine,Pinus contorta var. latifolia
Coulter pine,Pinus coulteri
Jeffrey pine,Pinus jeffreyi
Austrian pine,Pinus nigra
maritime pine,Pinus pinaster
Italian stone pine,Pinus pinea
ponderosa pine,Pinus ponderosa
Monterey pine,Pinus radiata
eastern white pine,Pinus strobus
Scots pine,Pinus sylvestris
Japanese black pine,Pinus thunbergii
water lettuce,Pistia stratiotes
monkeypod,Pithecellobium dulce
Taiwanese cheesewood,Pittosporum pentandrum
Australian cheesewood,Pittosporum undulatum
Dixie silverback fern,Pityrogramma calomelanos
fragrant popcornflower,Plagiobothrys figuratus ssp. Figuratus
Mexican plantain,Plantago australis
buckhorn plantain,Plantago lanceolata
broadleaf plantain,Plantago major
elkhorn fern,Platycerium bifurcatum
petite-licorice,Plecostachys serpyllifolia
cure for all,Pluchea carolinensis
annual bluegrass,Poa annua
Canada bluegrass,Poa compressa
Kentucky bluegrass,Poa pratensis
spreading bluegrass,Poa pratensis ssp. Irrigata
Kentucky bluegrass,Poa pratensis ssp. pratensis
roughstalk bluegrass,Poa trivialis
fourleaf manyseed,Polycarpon tetraphyllum
myrtle-leaf milkwort,Polygala myrtifolia
striate knotweed,Polygonum achoreum
silversheath knotweed,Polygonum argyrocoleon
prostrate knotweed,Polygonum aviculare
Oriental lady's thumb,Polygonum cespitosum var. cespitosum
black bindweed,Polygonum convolvulus var. subulatum
pale smartweed,Polygonum lapathifolium
Oriental lady's thumb,Polygonum posumbu
bushy knotweed,Polygonum ramosissimum
knotweed,Polygonum spp.
rabbitfoot polypogon,Polypogon monspeliensis
water-bent,Polypogon viridis
white poplar,Populus alba
balsam poplar,Populus balsamifera
eastern cottonwood,Populus deltoides
bigtooth aspen,Populus grandidentata
Lombardy poplar,Populus nigra
European aspen,Populus tremula
quaking aspen,Populus tremuloides
gray poplar,Populus x canescens
common purslane,Portulaca oleracea
curly-leaved pondweed,Potamogeton crispus
biennial cinquefoil,Potentilla biennis
slender cinquefoil,Potentilla gracilis var. brunnescens
false strawberry,Potentilla indica
sulfur cinquefoil,Potentilla recta
canistel,Pouteria campechiana
praxelis,Praxelis clematidea
common selfheal,Prunella vulgaris
sweet cherry,Prunus avium
cherry plum,Prunus cerasifera
sour cherry,Prunus cerasus
plum,Prunus domestica
cherry laurel,Prunus laurocerasus
Portugal laurel,Prunus lusitanica
Amur chokecherry,Prunus maackii
Mahaleb cherry,Prunus mahaleb
European bird cherry,Prunus padus
blackthorn,Prunus spinosa
winter-flowering cherry,Prunus subhirtella
common chokecherry,Prunus virginiana
Russian wildrye,Psathyrostachys juncea
dog's-tongue,Pseudelephantopus spicatus
Jersey cudweed,Pseudognaphalium luteoalbum
longleaf speedwell,Pseudolysimachion longifolium
arrow bamboo,Pseudosasa japonica
Douglas-fir,Pseudotsuga menziesii
strawberry guava,Psidium cattleianum
guava,Psidium guajava
meadow woollyheads,Psilocarphus elatior
ladder brake,Pteris vittata
ptychosperma,Ptychosperma elegans
weeping alkaligrass,Puccinellia distans
kudzu,Pueraria montana
kudzu,Pueraria montana var. lobata
pomegranate,Punica granatum
narrowleaf firethorn,Pyracantha angustifolia
scarlet firethorn,Pyracantha coccinea
Nepalese firethorn,Pyracantha crenulata
formosa firethorn,Pyracantha koidzumii
firethorn,Pyracantha spp.
birch-leaf pear,Pyrus betulifolia
Callery pear (Bradford pear),Pyrus calleryana
common pear,Pyrus communis
sawtooth oak,Quercus acutissima
English oak,Quercus robur
tall buttercup,Ranunculus acris
showy buttercup,Ranunculus acris var. acris
corn buttercup,Ranunculus arvensis
bulbous buttercup,Ranunculus bulbosus
fig buttercup,Ranunculus ficaria var. bulbifera
greater creeping spearwort,Ranunculus flammula var. filiformis
creeping buttercup,Ranunculus repens
hairy buttercup,Ranunculus sardous
wild radish,Raphanus raphanistrum
radish,Raphanus sativus
white mignonette,Reseda alba
bridal broom,Retama monosperma
Japanese knotweed,Reynoutria japonica
giant knotweed,Reynoutria sachalinensis
Bohemian knotweed,Reynoutria x bohemica
Italian buckthorn,Rhamnus alaternus
European buckthorn,Rhamnus cathartica
Chinese buckthorn,Rhamnus utilis
Russian knapweed,Rhaponticum repens
garden rhubarb,Rheum rhabarbarum
rose myrtle,Rhodomyrtus tomentosa
jetbead,Rhodotypos scandens
smooth sumac,Rhus glabra
staghorn sumac,Rhus typhina
anglestem beaksedge,Rhynchospora caduca
cultivated currant,Ribes rubrum
European gooseberry,Ribes uva-crispa
largeflower Mexican clover,Richardia grandiflora
castorbean,Ricinus communis
bristly locust,Robinia hispida
black locust,Robinia pseudoacacia
rosy sandcrocus,Romulea rosea var. australis
Austrian fieldcress,Rorippa austriaca
yellow fieldcress,Rorippa sylvestris
Macartney rose,Rosa bracteata
dog rose,Rosa canina
cinnamon rose,Rosa cinnamomea
French rose,Rosa gallica
Cherokee rose,Rosa laevigata
memorial rose,Rosa luciae
smallflower sweetbrier,Rosa micrantha
multiflora rose,Rosa multiflora
sweetbriar,Rosa rubiginosa
Seaside rose,Rosa rugosa
Scottish rose,Rosa spinosissima
damask rose,Rosa x damascena
roundleaf toothcup,Rotala rotundifolia
itchgrass,Rottboellia cochinchinensis
highbush blackberry,Rubus argutus
Himalayan blackberry,Rubus armeniacus
Himalayan blackberry,Rubus bifrons
European red raspberry,Rubus idaeus
strawberry raspberry,Rubus illecebrosus
cutleaf blackberry,Rubus laciniatus
largeleaf blackberry,Rubus macrophyllus
wine raspberry,Rubus phoenicolasius
West Indian raspberry,Rubus rosifolius
"cane fruit (blackberry, raspberry)",Rubus spp.
elmleaf blackberry,Rubus ulmifolius
European blackberry,Rubus vestitus
black-eyed susan,Rudbeckia hirta
Browne's blechum,Ruellia blechum
Britton's wild petunia,Ruellia simplex
green sorrel,Rumex acetosa
red sorrel,Rumex acetosella
curly dock,Rumex crispus
curly dock,Rumex crispus ssp. crispus
longleaf dock,Rumex longifolius
golden dock,Rumex maritimus
broadleaf dock,Rumex obtusifolius
field dock,Rumex pseudonatronatus
narrowleaf dock,Rumex stenophyllus
Tasmanian wallaby grass,Rytidosperma biannulare
tufted wallaby grass,Rytidosperma caespitosum
hairy wallaby grass,Rytidosperma penicillatum
ravennagrass,Saccharum ravennae
glenwoodgrass,Sacciolepis indica
birdseye pearlwort,Sagina procumbens
grassy arrowhead,Sagittaria graminea
white willow,Salix alba
weeping willow,Salix babylonica
goat willow,Salix caprea
large gray willow,Salix cinerea
crack willow,Salix fragilis
corkscrew willow,Salix matsudana
laurel willow,Salix pentandra
purpleosier willow,Salix purpurea
willow,Salix spp.
osier,Salix viminalis
Wisconsin weeping willow,Salix x pendulina
weeping willow,Salix x sepulcralis
lily of the valley vine,Salpichroa origanifolia
slender Russian thistle,Salsola collina
Russian thistle,Salsola kali
barbwire Russian-thistle,Salsola paulsenii
prickly Russian thistle,Salsola ryanii
oppositeleaf Russian thistle,Salsola soda
Russian thistle,Salsola tragus
Mediterranean sage,Salvia aethiopis
sticky sage,Salvia glutinosa
meadow sage,Salvia pratensis
Europe sage,Salvia sclarea
water fern,Salvinia minima
giant salvinia,Salvinia molesta
iguanatail,Sansevieria hyacinthoides
bouncingbet,Saponaria officinalis
mourningbride,Scabiosa atropurpurea
beach naupaka,Scaevola taccada
octopus tree,Schefflera actinophylla
Peruvian peppertree,Schinus molle
Brazilian peppertree,Schinus terebinthifolius
Arabian schismus,Schismus arabicus
common mediterraneangrass,Schismus barbatus
ricefield bulrush,Schoenoplectiella mucronata
squill,Scilla siberica
lakeshore nutrush,Scleria lacustris
common goldenthistle,Scolymus hispanicus
fall dandelion,Scorzoneroides autumnalis
cereal rye,Secale cereale
chayote,Sechium edule
purple crown-vetch,Securigera varia
stringy stonecrop,Sedum sarmentosum
desert ragwort,Senecio eremophilus
cutleaf burnweed,Senecio glomeratus
Columbia ragwort,Senecio integerrimus var. exaltatus
fireweed groundsel,Senecio linearifolius
tall ragwort,Senecio serra
woodland groundsel,Senecio sylvaticus
sticky groundsel,Senecio viscosus
common groundsel,Senecio vulgaris
sicklepod,Senna obtusifolia
coffee senna,Senna occidentalis
valamuerto,Senna pendula var. advena
valamuerto,Senna pendula var. glabrata
hedionda macho,Senna septemtrionalis
glossy shower,Senna surattensis
bigpod sesbania,Sesbania herbacea
red sesbania,Sesbania punicea
bagpod,Sesbania vesicaria
giant foxtail,Setaria faberi
foxtail millet,Setaria italica
palmgrass,Setaria palmifolia
knotroot foxtail,Setaria parviflora
yellow foxtail,Setaria pumila
yellow foxtail,Setaria pumila ssp. Pumila
bristly foxtail,Setaria verticillata
green foxtail,Setaria viridis
green bristlegrass,Setaria viridis var. viridis
field madder,Sherardia arvensis
sida,Sida planicaulis
common St. Paul's wort,Sigesbeckia orientalis
garden catchfly,Silene armeria
maltese-cross,Silene chalcedonica
rose campion,Silene coronaria
biennial campion,Silene csereii
red campion,Silene dioica
meadow campion,Silene flos-cuculi
English catchfly,Silene gallica
white campion,Silene latifolia
bladder campion,Silene latifolia ssp. Alba
nightflowering catchfly,Silene noctiflora
bladder campion,Silene vulgaris
cup rosinweed,Silphium perfoliatum
blessed milkthistle,Silybum marianum
white mustard,Sinapis alba
wild mustard,Sinapis arvensis
tumble mustard,Sisymbrium altissimum
London rocket,Sisymbrium irio
tall hedge mustard,Sisymbrium loeselii
hedge mustard,Sisymbrium officinale
oriental mustard,Sisymbrium orientale
American black nightshade,Solanum americanum
New Zealand nightshade,Solanum aviculare
horsenettle,Solanum carolinense
twoleaf nightshade,Solanum diphyllum
bittersweet nightshade,Solanum dulcamara
climbing nightshade,Solanum dulcamara var. dulcamara
silverleaf nightshade,Solanum elaeagnifolium
purple African nightshade,Solanum marginatum
black nightshade,Solanum nigrum
hairy nightshade,Solanum physalifolium
currant tomato,Solanum pimpinellifolium
Jerusalem-cherry,Solanum pseudocapsicum
buffalobur,Solanum rostratum
Brazilian nightshade,Solanum seaforthianum
nightshade,Solanum spp.
wetland nightshade,Solanum tampicense
turkeyberry,Solanum torvum
cutleaf nightshade,Solanum triflorum
tropical soda apple,Solanum viarum
common coleus,Solenostemon scutellarioides
Canada goldenrod,Solidago canadensis var. scabra
lawn burweed,Soliva sessilis
perennial sowthistle,Sonchus arvensis
field sowthistle,Sonchus arvensis ssp. arvensis
moist sowthistle,Sonchus arvensis ssp. Uliginosus
spiny sowthistle,Sonchus asper
annual sowthistle,Sonchus oleraceus
sowthistle,Sonchus spp.
false spiraea,Sorbaria sorbifolia
European mountain-ash,Sorbus aucuparia
sorghum (type unspecified),Sorghum bicolor
sudangrass,Sorghum bicolor ssp. Drummondii
johnsongrass,Sorghum halepense
smooth cordgrass,Spartina alterniflora
common cordgrass,Spartina anglica
denseflower cordgrass,Spartina densiflora
cordgrass hybrid,Spartina foliosa x alterniflora
saltmeadow cordgrass,Spartina patens
Spanish broom,Spartium junceum
African tuliptree,Spathodea campanulata
Philippine ground orchid,Spathoglottis plicata
corn spurry,Spergula arvensis
red sandspurry,Spergularia rubra
shrubby false buttonweed,Spermacoce verticillata
swainsonpea,Sphaerophysa salsula
Bay Biscayne creeping-oxeye,Sphagneticola trilobata
Japanese spiraea,Spiraea japonica f.
fortune meadowsweet,Spiraea japonica var. fortunei
bridalwreath spiraea,Spiraea prunifolia
Thunberg's meadowsweet,Spiraea thunbergii
purple mombin,Spondias purpurea
tussock dropseed,Sporobolus diandrus
smutgrass,Sporobolus indicus
rat-tail grass,Sporobolus indicus var. capensis
West Indian dropseed,Sporobolus indicus var. pyramidalis
fieldnettle betony,Stachys arvensis
Florida betony,Stachys floridana
cayenne porterweed,Stachytarpheta cayennensis
Jamaica vervain,Stachytarpheta jamaicensis
nettleleaf velvetberry,Stachytarpheta urticifolia
little starwort,Stellaria graminea
common chickweed,Stellaria media
common chickweed,Stellaria media ssp. Media
common chickweed,Stellaria pallida
St. Augustinegrass,Stenotaphrum secundatum
smilo grass,Stipa miliacea var. miliacea
witchweed,Striga asiatica
African mustard,Strigosella africana
Japanese pagoda tree,Styphnolobium japonicum
queen palm,Syagrus romanzoffiana
prickly comfrey,Symphytum asperum
common comfrey,Symphytum officinale
nodeweed,Synedrella nodiflora
American evergreen,Syngonium podophyllum
common lilac,Syringa vulgaris
Java plum,Syzygium cumini
Malabar plum,Syzygium jambos
medusahead,Taeniatherum caput-medusae
sea hibiscus,Talipariti tiliaceum var. tiliaceum
African tamarisk,Tamarix africana
Athel tamarisk,Tamarix aphylla
fivestamen tamarisk,Tamarix chinensis
French tamarisk,Tamarix gallica
smallflower tamarisk,Tamarix parviflora
saltcedar,Tamarix ramosissima
common tansy,Tanacetum vulgare
rock dandelion,Taraxacum erythrospermum
dandelion,Taraxacum officinale
Japanese yew,Taxus cuspidata
incised halberd fern,Tectaria incisa
tropical almond,Terminalia catappa
Australian almond,Terminalia muelleri
bee-bee tree,Tetradium daniellii
New Zealand spinach,Tetragonia tetragonioides
jeweled maiden fern,Thelypteris opulenta
portia tree,Thespesia populnea
intermediate wheatgrass,Thinopyrum intermedium
Russian wheatgrass,Thinopyrum junceiforme
tall wheatgrass,Thinopyrum ponticum
roadside pennycress,Thlaspi alliaceum
field pennycress,Thlaspi arvense
spurge flax,Thymelaea passerina
mother of thyme,Thymus praecox
herbaceous glorytree,Tibouchina herbacea
Australian redcedar,Toona ciliata
spreading hedgeparsley,Torilis arvensis
spreading hedgeparsley,Torilis arvensis ssp. arvensis
Japanese hedge-parsley,Torilis japonica
eastern poison-ivy,Toxicodendron radicans
white-flowered spiderwort,Tradescantia fluminensis
boatlily,Tradescantia spathacea
western salsify,Tragopogon dubius
meadow salsify,Tragopogon lamottei
common salsify,Tragopogon porrifolius
European water chestnut,Trapa natans
water chestnut,Trapa spp.
oriental trema,Trema orientalis
Chinese tallowtree,Triadica sebifera
Jamaica feverplant,Tribulus cistoides
puncturevine,Tribulus terrestris
rabbitfoot clover,Trifolium arvense
hop clover,Trifolium aureum
large hop clover,Trifolium campestre
small hop clover,Trifolium dubium
rose clover,Trifolium hirtum
alsike clover,Trifolium hybridum
crimson clover,Trifolium incarnatum
lupine clover,Trifolium lupinaster
smallhead clover,Trifolium microcephalum
red clover,Trifolium pratense
white clover,Trifolium repens
Persian clover,Trifolium resupinatum
subterranean clover,Trifolium subterraneum
whitetip clover,Trifolium variegatum
ravennagrass,Tripidium ravennae spp. Ravennae
mayweed,Tripleurospermum inodorum
false mayweed,Tripleurospermum maritimum
common wheat,Triticum aestivum
Sacramento burrbark,Triumfetta semitriloba
European globeflower,Trollius europaeus
tower-mustard,Turritis glabra
coltsfoot,Tussilago farfara
narrow-leaved cattail,Typha angustifolia
common cattail,Typha latifolia
hybrid cattail,Typha x glauca
gorse,Ulex europaeus
Chinese elm,Ulmus parvifolia
English elm,Ulmus procera
Siberian elm,Ulmus pumila
Asian kelp,Undaria pinnatifida
Caesarweed,Urena lobata
paragrass,Urochloa mutica
stinging nettle,Urtica dioica
European stinging nettle,Urtica dioica ssp. dioica
burning nettle,Urtica urens
floating bladderwort,Utricularia inflata
cowcockle,Vaccaria hispanica
common valerian,Valeriana officinalis
ventenata,Ventenata dubia
moth mullein,Verbascum blattaria
common mullein,Verbascum thapsus
tall vervain,Verbena bonariensis
Brazilian vervain,Verbena incompta
Uruguayan vervain,Verbena montevidensis
crownbeard,Verbesina encelioides
tungoil tree,Vernicia fordii
water speedwell,Veronica anagallis-aquatica
corn speedwell,Veronica arvensis
European speedwell,Veronica beccabunga
twolobe speedwell,Veronica biloba
germander speedwell,Veronica chamaedrys
slender speedwell,Veronica filiformis
ivyleaf speedwell,Veronica hederifolia
longleaf speedwell,Veronica longifolia
common speedwell,Veronica officinalis
common gypsyweed,Veronica officinalis var. officinalis
neckweed,Veronica peregrina ssp. peregrina
hairy purslane speedwell,Veronica peregrina ssp. Xalapensis
Persian speedwell,Veronica persica
wayside speedwell,Veronica polita
thymeleaf speedwell,Veronica serpyllifolia
thymeleaf speedwell,Veronica serpyllifolia ssp. serpyllifolia
spiked speedwell,Veronica spicata ssp. spicata
linden viburnum,Viburnum dilatatum
wayfaringtree,Viburnum lantana
European cranberrybush,Viburnum opulus
"cranberry viburnum, European highbush cranberry",Viburnum opulus ssp. Opulus
Japanese snowball,Viburnum plicatum
doublefile viburnum,Viburnum plicatum tomentosum
tea viburnum,Viburnum setigerum
Siebold's arrowwood,Viburnum sieboldii
laurustinus,Viburnum tinus
bird vetch,Vicia cracca
bird vetch,Vicia cracca ssp. cracca
large yellow vetch,Vicia grandiflora
tiny vetch,Vicia hirsuta
common vetch,Vicia sativa
garden vetch,Vicia sativa ssp. Nigra
garden vetch,Vicia sativa ssp. sativa
bush vetch,Vicia sepium var. sepium
vetch,Vicia spp.
sparrow vetch,Vicia tetrasperma
hairy vetch,Vicia villosa
winter vetch,Vicia villosa ssp. Varia
winter vetch,Vicia villosa ssp. Villosa
big periwinkle,Vinca major
common periwinkle,Vinca minor
white swallowwort,Vincetoxicum hirundinaria
"Black dog-strangling vine, black swallowwort",Vincetoxicum nigrum
"dog-strangling vine, European swallowwort",Vincetoxicum rossicum
exotic swallowwort,Vincetoxicum spp.
English violet,Viola odorata
pansy,Viola tricolor
lilac chastetree,Vitex agnus-castus
beach vitex,Vitex rotundifolia f.
simpleleaf chastetree,Vitex trifolia
grape,Vitis spp.
wine grape,Vitis vinifera
Egyptian knapweed,Volutaria tubuliflora
squirreltail fescue,Vulpia bromoides
rattail fescue,Vulpia myuros
Washington fan palm,Washingtonia robusta
cape bugle-lily,Watsonia borbonica
bulbil bugle-lily,Watsonia meriana
Japanese wisteria,Wisteria floribunda
Chinese wisteria,Wisteria sinensis
Wisteria floribunda x sinensis hybrid,Wisteria x formosa
spiny cocklebur,Xanthium spinosum
arrowleaf elephant's ear,Xanthosoma sagittifolium
Asiatic hawksbeard,Youngia japonica
calla lily,Zantedeschia aethiopica
prickly-ash,Zanthoxylum americanum
Japanese zelkova,Zelkova serrata
dwarf eelgrass,Zostera japonica
Syrian beancaper,Zygophyllum fabago