park.name,park.code,park.slug
Acadia National Park,ACAD,2016-national-parks-bioblitz-acadia-lepidoptera-bioblitz
Antietam National Cemetery,ANCM,2016-national-parks-bioblitz-antietam-grassland-birds
Appomattox Court House National Historical Park,APCO,2016-national-parks-bioblitz-explore-the-natural-side-of-appomattox-court-house
Apostle Islands National Lakeshore,APIS,2016-national-parks-bioblitz-apostle-islands
Assateague Island National Seashore,ASIS,2016-national-parks-bioblitz-assateague-island
Aztec Ruins National Monument,AZRU,2016-national-parks-bioblitz-aztec-ruins-bugblitz-may
Bandelier National Monument,BAND,2016-national-parks-bioblitz-bandelier
Bering Land Bridge National Preserve,BELA,2016-national-parks-bioblitz-bering-land-bridge
Big Thicket National Preserve,BITH,2016-national-parks-bioblitz-big-thicket-mini-bioblitz
Boston Harbor Islands National Recreation Area,BOHA,2016-national-parks-bioblitz-boston-harbor-islands
Buffalo National River,BUFF,2016-national-parks-bioblitz-caddisflies-of-buffalo-national-river
Cabrillo National Monument,CABR,2016-national-parks-bioblitz-cabrillo-urban-island-bioblitz
California National Historic Trail,CALI,2016-national-parks-bioblitz-southern-california-coastal
Carl Sandburg Home National Historic Site,CARL,2016-national-parks-bioblitz-carl-sandburg-home
Catoctin Mountain Park,CATO,2016-national-parks-bioblitz-catoctin-insect-bioblitz
Capulin Volcano National Monument,CAVO,2016-national-parks-bioblitz-capulin-volcano
Cedar Breaks National Monument,CEBR,2016-national-parks-bioblitz-cedar-breaks-bats-birds-and-bugs
Cesar E. Chavez National Monument,CECH,2016-national-parks-bioblitz-cesar-e-chavez
Chiricahua National Monument,CHIR,2016-national-parks-bioblitz-chiricahua-birds-bugs-and-botany
Channel Islands National Park,CHIS,2016-national-parks-bioblitz-channel-islands
Chesapeake and Ohio Canal National Historical Park,CHOH,2016-national-parks-bioblitz-c-o-canal-biodiversity-celebration
Charles Pinckney National Historic Site,CHPI,2016-national-parks-bioblitz-charles-pinckney
City Of Rocks National Reserve,CIRO,2016-national-parks-bioblitz-city-of-rocks-birds-and-blooms
Claude Moore Colonial Farm,CLMO,2016-national-parks-bioblitz-colonial-butterflyblitz
Congaree National Park,CONG,2016-national-parks-bioblitz-congaree
Coronado National Memorial,CORO,2016-national-parks-bioblitz-coronado-birds-bugs-and-botany
Cowpens National Battlefield,COWP,2016-national-parks-bioblitz-cowpens
Crater Lake National Park,CRLA,2016-national-parks-bioblitz-crater-lake-meet-the-beetles
Craters of the Moon National Monument and Preserve,CRMO,2016-national-parks-bioblitz-craters-of-the-moon-lichen-blitz
Denali National Park and Preserve,DENA,2016-national-parks-bioblitz-denali-arthropod-inventory
Dinosaur National Monument,DINO,2016-national-parks-bioblitz-dinosaur-wild-life-weekend
Ebey's Landing National Historical Reserve,EBLA,2016-national-parks-bioblitz-ebey-s-landing
Effigy Mounds National Monument,EFMO,2016-national-parks-bioblitz-effigy-mounds-arthropodapolooza
Fort Bowie National Historic Site,FOBO,2016-national-parks-bioblitz-fort-bowie-birds-bugs-and-botany
Fort Caroline National Memorial,FOCA,2016-national-parks-bioblitz-fort-caroline-insect-bioblitz
Fort Moultrie National Monument,FOMO,2016-national-parks-bioblitz-fort-moultrie
Fort Vancouver National Historic Site,FOVA,2016-national-parks-bioblitz-fort-vancouver
Gates of the Arctic National Park,GAAG,2016-national-parks-bioblitz-gates-of-the-arctic
Gettysburg National Cemetery,GETC,2016-national-parks-bioblitz-gettysburg
George Washington Birthplace National Monument,GEWA,2016-national-parks-bioblitz-george-washington-memorial-parkway
Glacier National Park,GLAC,2016-national-parks-bioblitz-glacier-lake-ecology-blitz
Great Basin National Park,GRBA,2016-national-parks-bioblitz-great-basin-bird-bioblitz
Grand Canyon National Park,GRCA,2016-national-parks-bioblitz-grand-canyon-birds
Guilford Courthouse National Military Park,GUCO,2016-national-parks-bioblitz-guilford-courthouse
Gulf Islands National Seashore,GUIS,2016-national-parks-bioblitz-gulf-islands
George Washington Carver National Monument,GWCA,2016-national-parks-bioblitz-george-washington-carver-harkins-woods
Harpers Ferry National Historical Park,HAFE,2016-national-parks-bioblitz-harpers-ferry
Hawaii Volcanoes National Park,HAVO,2016-national-parks-bioblitz-hawai-i-volcanoes-e-ho-omau-to-perpetuate
Hopewell Culture National Historical Park,HOCU,2016-national-parks-bioblitz-hopewell-furnace
Homestead National Monument of America,HOME,2016-national-parks-bioblitz-homestead-national-monument-of-america-critter-count
Hot Springs National Park,HOSP,2016-national-parks-bioblitz-hot-springs-reptilian-roundup-and-fungus-find
Indiana Dunes National Park,INDU,2016-national-parks-bioblitz-indiana-dunes-miller-woods-bioblitz
Jean Lafitte National Historical Park and Preserve,JELA,2016-national-parks-bioblitz-jean-lafitte-bugblitz
John Muir National Historic Site,JOMU,2016-national-parks-bioblitz-john-muir
Kenai Fjords National Park,KEFJ,2016-national-parks-bioblitz-kenai-fjords-pollinators
Kenilworth Park and Aquatic Gardens,KENI,2016-national-parks-bioblitz-kenilworth
Kings Mountain National Military Park,KIMO,2016-national-parks-bioblitz-kings-mountain
Klondike Gold Rush National Historical Park,KLGO,2016-national-parks-bioblitz-klondike-gold-rush

